title,article_time,press
주52시간 관련 소식: Quidem in ea maiores illo quos.,2023.09.06. PM 02:47,손김박
주52시간 관련 소식: Voluptas facere tempora dolor consequuntur.,2023.10.26. AM 04:47,(주) 임서장
주52시간 관련 소식: Quidem nulla dolorum tenetur.,2024.03.15. PM 05:48,(유) 김강엄
주52시간 관련 소식: Temporibus est quas tempore placeat iusto aut ipsa.,2023.11.16. PM 06:13,서김
주52시간 관련 소식: Odit dignissimos mollitia ipsam maxime aperiam ullam totam.,2024.01.05. PM 02:30,김이
주52시간 관련 소식: Quaerat id repudiandae pariatur.,2023.09.05. PM 06:20,이이
주52시간 관련 소식: Nostrum repudiandae ex.,2023.09.24. PM 12:59,김심김
주52시간 관련 소식: Provident aperiam totam dolore rem consequuntur.,2023.05.14. PM 12:10,김백
주52시간 관련 소식: Ipsum aspernatur eum magni ut autem mollitia.,2024.01.19. PM 07:31,이나이
주52시간 관련 소식: Molestias repellendus molestiae vitae.,2023.07.11. PM 11:38,이김김
주52시간 관련 소식: Molestias enim at reiciendis et doloribus delectus reprehenderit.,2023.08.20. AM 07:01,(주) 백
주52시간 관련 소식: Nostrum omnis labore.,2023.07.23. PM 10:36,주식회사 강문이
주52시간 관련 소식: Perspiciatis consectetur corrupti aliquam.,2024.03.08. AM 06:15,주식회사 강
주52시간 관련 소식: Tempore unde molestiae hic.,2024.01.23. AM 04:21,(유) 황양이
주52시간 관련 소식: Eius repellat sed tempora nihil veniam neque.,2023.12.22. AM 01:45,유한회사 최박한
주52시간 관련 소식: Laudantium odit praesentium voluptatem facere eveniet beatae.,2024.03.22. PM 07:33,(유) 이
주52시간 관련 소식: Occaecati sapiente doloribus quasi blanditiis dolore recusandae ex.,2023.06.20. AM 12:18,(주) 김김윤
주52시간 관련 소식: Aut corporis possimus aliquid.,2023.11.22. AM 02:47,(주) 안
주52시간 관련 소식: Odio vel nobis asperiores commodi deleniti rerum.,2023.05.07. PM 11:50,유한회사 최
주52시간 관련 소식: Hic fuga voluptatem alias.,2023.04.18. PM 03:35,유한회사 김
주52시간 관련 소식: Deserunt voluptas quaerat.,2023.05.02. AM 05:51,(주) 안이박
주52시간 관련 소식: Distinctio reiciendis vel ad incidunt aut ea.,2024.02.06. PM 01:20,김박
주52시간 관련 소식: Asperiores error ipsa aperiam iusto.,2023.07.15. PM 07:43,(유) 김
주52시간 관련 소식: Aut voluptates dicta facere quasi saepe ullam cumque.,2023.08.01. PM 01:36,김김
주52시간 관련 소식: Vitae animi perspiciatis sapiente exercitationem.,2023.10.29. AM 03:02,이고
주52시간 관련 소식: Blanditiis ullam pariatur accusamus perspiciatis.,2023.08.14. PM 09:10,박문
주52시간 관련 소식: Soluta totam officiis harum omnis corrupti porro.,2023.05.20. PM 06:43,(주) 이
주52시간 관련 소식: Qui excepturi aliquid eligendi dolores veritatis explicabo.,2023.10.27. PM 06:51,(주) 박오김
주52시간 관련 소식: Perferendis nihil tempora sequi consequatur.,2024.03.03. PM 03:50,구박김
주52시간 관련 소식: Harum impedit officiis a deserunt.,2023.07.10. PM 02:27,주식회사 김권이
주52시간 관련 소식: Cum dolore ipsum quae perferendis soluta.,2024.03.15. PM 07:04,유한회사 강
주52시간 관련 소식: Illo praesentium in.,2024.03.27. AM 03:58,최손이
주52시간 관련 소식: Cumque aperiam praesentium.,2024.01.25. PM 07:31,주식회사 박
주52시간 관련 소식: Minus laborum natus quidem sunt libero est.,2023.06.07. AM 09:36,(유) 심
주52시간 관련 소식: Amet reprehenderit voluptate impedit molestias vitae voluptatem.,2023.05.01. AM 07:50,지김
주52시간 관련 소식: Voluptates illo perspiciatis et.,2023.09.12. PM 11:39,강안
주52시간 관련 소식: Accusamus quidem voluptatem perferendis nostrum.,2024.03.04. AM 05:43,황박
주52시간 관련 소식: Blanditiis officiis soluta eius voluptatem.,2023.07.26. AM 09:17,박이김
주52시간 관련 소식: Labore ullam occaecati accusantium.,2023.07.23. PM 04:33,(주) 김이김
주52시간 관련 소식: Reiciendis blanditiis ducimus officiis repellendus officia beatae.,2023.10.23. PM 06:22,유한회사 고김윤
주52시간 관련 소식: Eius accusantium aliquam perspiciatis.,2023.05.27. AM 02:03,(유) 김오정
주52시간 관련 소식: Et facilis necessitatibus sed sed vero non.,2023.11.13. PM 07:03,김류
주52시간 관련 소식: Quae temporibus odit fuga modi dignissimos nesciunt.,2023.10.25. AM 12:26,(주) 박
주52시간 관련 소식: Consequuntur earum excepturi.,2023.12.04. AM 10:31,김강
주52시간 관련 소식: Quaerat excepturi nulla aliquam cum voluptatem.,2023.06.25. PM 01:06,최김
주52시간 관련 소식: Facere voluptatibus consectetur beatae quas.,2023.10.28. AM 05:56,(유) 이윤송
주52시간 관련 소식: Est sequi quas.,2023.05.15. PM 06:41,김김진
주52시간 관련 소식: Illo eveniet impedit aut tenetur.,2023.09.11. AM 10:08,주식회사 황
주52시간 관련 소식: Excepturi reiciendis repellat commodi blanditiis libero alias.,2023.12.07. AM 08:00,최한김
주52시간 관련 소식: Quasi tempora ullam occaecati fugiat voluptate.,2023.11.01. PM 11:38,주식회사 권
주52시간 관련 소식: Aperiam assumenda quibusdam aperiam.,2023.09.08. PM 01:14,조김
주52시간 관련 소식: Atque nam enim.,2024.01.17. PM 07:45,배김전
주52시간 관련 소식: Ratione quaerat dolor assumenda dolore voluptatum nesciunt.,2024.02.01. AM 05:46,박이
주52시간 관련 소식: Inventore facere aperiam sint.,2024.03.20. PM 11:28,주식회사 장
주52시간 관련 소식: Temporibus iste perspiciatis.,2024.02.04. PM 11:30,송서정
주52시간 관련 소식: Libero ducimus odit voluptatum.,2023.07.22. AM 02:02,(유) 김이김
주52시간 관련 소식: Numquam autem itaque facere repudiandae.,2023.07.27. AM 09:10,안이
주52시간 관련 소식: Voluptates voluptatem corrupti illo.,2023.09.23. PM 04:18,주식회사 김서차
주52시간 관련 소식: Soluta libero totam eum libero libero.,2023.08.27. AM 06:37,문장
주52시간 관련 소식: Molestiae ut ab provident quia.,2023.11.11. PM 01:28,(유) 이
주52시간 관련 소식: Repellendus alias corrupti ducimus quos sapiente.,2023.12.05. AM 02:06,(유) 김
주52시간 관련 소식: Eos provident iusto reiciendis maxime totam architecto consectetur.,2023.05.28. AM 09:40,주식회사 이박김
주52시간 관련 소식: Accusamus sapiente ex cum corrupti.,2023.06.04. PM 09:09,(주) 김
주52시간 관련 소식: Voluptas magnam tempore magnam nemo perspiciatis rem.,2023.05.22. PM 06:23,김김
주52시간 관련 소식: Voluptatibus quia temporibus dignissimos modi nisi repudiandae laboriosam.,2023.12.31. PM 01:58,김허박
주52시간 관련 소식: Non doloremque sint accusantium suscipit qui.,2023.05.21. PM 04:28,(유) 이
주52시간 관련 소식: Magni ducimus aperiam similique velit.,2023.08.31. AM 12:19,서안
주52시간 관련 소식: Quo fugit fugit cum vel.,2023.09.07. PM 04:46,이이이
주52시간 관련 소식: Enim rerum animi alias in.,2023.11.20. AM 10:15,권최김
주52시간 관련 소식: Suscipit nobis aspernatur praesentium repellat explicabo alias.,2023.10.03. PM 02:42,김박강
주52시간 관련 소식: Harum aliquid iusto corrupti adipisci nulla occaecati.,2023.05.29. AM 01:42,(주) 이
주52시간 관련 소식: Praesentium officiis deserunt quos.,2023.11.08. AM 05:08,주식회사 하
주52시간 관련 소식: Beatae animi praesentium nostrum ut officiis voluptas.,2023.12.20. AM 09:47,주식회사 오
주52시간 관련 소식: Eos sed vero harum eos quia vero voluptatem.,2023.07.29. PM 11:41,남최강
주52시간 관련 소식: Maxime quos deleniti quos.,2023.08.20. AM 09:13,오강김
주52시간 관련 소식: Fuga deleniti explicabo odio vero temporibus.,2023.12.06. AM 08:52,송서
주52시간 관련 소식: Laborum tempore velit.,2023.10.05. AM 10:43,(주) 박이장
주52시간 관련 소식: Nemo dolor atque reprehenderit suscipit quod praesentium.,2024.01.18. AM 04:19,김이서
주52시간 관련 소식: Magni veniam corporis tempora in assumenda.,2023.09.13. AM 02:14,이송노
주52시간 관련 소식: Impedit aut quo quasi.,2023.06.28. PM 01:09,(유) 박이박
주52시간 관련 소식: Recusandae inventore impedit.,2023.10.07. AM 12:28,(유) 심김이
주52시간 관련 소식: Ullam vitae quam aspernatur architecto facere adipisci.,2023.10.11. PM 05:39,유한회사 이김이
주52시간 관련 소식: Debitis rerum dolorem facilis nisi corporis.,2023.12.30. PM 04:11,(유) 장최황
주52시간 관련 소식: Dignissimos perferendis vel.,2023.10.16. PM 04:06,지권
주52시간 관련 소식: Quibusdam eos porro ut.,2023.08.06. AM 11:22,이전
주52시간 관련 소식: Similique deleniti beatae exercitationem vero.,2023.10.13. AM 05:38,김최
주52시간 관련 소식: Adipisci dignissimos ex vero.,2023.12.14. AM 02:45,송노
주52시간 관련 소식: Vel vero odio delectus voluptatibus.,2023.04.28. AM 06:28,(유) 김
주52시간 관련 소식: Modi est fugiat corporis.,2023.09.24. AM 07:22,(유) 홍
주52시간 관련 소식: Rem et doloribus quidem.,2023.07.30. AM 11:05,(주) 최곽이
주52시간 관련 소식: Fuga optio similique nobis hic.,2023.05.30. AM 08:15,이황
주52시간 관련 소식: Consequatur error impedit unde.,2024.01.19. AM 07:01,민김김
주52시간 관련 소식: In odio assumenda ipsam fuga veniam animi illum.,2023.10.14. AM 07:46,유한회사 김남하
주52시간 관련 소식: Vitae temporibus ipsam fuga veritatis at.,2023.04.25. AM 05:37,백장장
주52시간 관련 소식: Recusandae eius nam porro.,2024.03.14. AM 11:43,신김
주52시간 관련 소식: Unde delectus in cupiditate vero excepturi minima.,2023.12.02. AM 02:37,이류박
주52시간 관련 소식: Iure odio laboriosam dignissimos a praesentium.,2023.06.27. PM 03:45,주식회사 최노강
주52시간 관련 소식: Iure dolor beatae voluptatem error non incidunt quibusdam.,2023.04.14. PM 07:16,권이이
주52시간 관련 소식: Perspiciatis quis doloremque quis.,2023.08.20. PM 09:44,황류이
주52시간 관련 소식: Odio accusantium earum pariatur a.,2023.10.05. AM 12:07,박최
